1,rabbit7.jpeg,image
1,rabbit4.jpeg,image
1,rabbit4.jpeg,image
1,rabbit4.jpeg,image
1,rabbit8.jpeg,image
1,rabbit8.jpeg,image
1,rabbit7.jpeg,image
1,rabbit2.mp4,video
2,cat8.jpeg,image
2,cat5.jpeg,image
2,cat1.jpeg,image
2,cat2.mp4,video
2,cat2.mp4,video
3,dog5.jpeg,image
3,dog6.jpeg,image
3,dog3.jpeg,image
3,dog3.jpeg,image
3,dog6.jpeg,image
3,dog5.jpeg,image
3,dog2.mp4,video
3,dog1.mp4,video
4,rodent6.jpeg,image
4,rodent8.jpeg,image
4,rodent1.jpeg,image
4,rodent4.jpeg,image
4,rodent4.jpeg,image
4,rodent4.jpeg,image
4,rodent4.jpeg,image
4,rodent2.mp4,video
5,rodent2.jpeg,image
5,rodent8.jpeg,image
5,rodent6.jpeg,image
5,rodent5.jpeg,image
5,rodent2.jpeg,image
5,rodent4.jpeg,image
5,rodent2.mp4,video
5,rodent1.mp4,video
6,rodent3.jpeg,image
6,rodent2.jpeg,image
6,rodent7.jpeg,image
6,rodent6.jpeg,image
6,rodent6.jpeg,image
6,rodent2.jpeg,image
6,rodent1.mp4,video
6,rodent2.mp4,video
7,dog3.jpeg,image
7,dog1.jpeg,image
7,dog8.jpeg,image
7,dog5.jpeg,image
7,dog8.jpeg,image
7,dog1.jpeg,image
7,dog7.jpeg,image
7,dog7.jpeg,image
7,dog2.mp4,video
7,dog1.mp4,video
8,fish4.jpeg,image
8,fish2.jpeg,image
8,fish5.jpeg,image
8,fish4.jpeg,image
8,fish8.jpeg,image
8,fish1.mp4,video
8,fish2.mp4,video
9,rodent3.jpeg,image
9,rodent5.jpeg,image
9,rodent1.jpeg,image
9,rodent1.jpeg,image
9,rodent7.jpeg,image
9,rodent4.jpeg,image
9,rodent1.mp4,video
9,rodent2.mp4,video
10,cat8.jpeg,image
10,cat6.jpeg,image
10,cat2.jpeg,image
10,cat2.mp4,video
11,bird4.jpeg,image
11,bird3.jpeg,image
11,bird1.jpeg,image
11,bird8.jpeg,image
11,bird3.jpeg,image
11,bird8.jpeg,image
11,bird1.mp4,video
12,rabbit1.jpeg,image
12,rabbit8.jpeg,image
12,rabbit1.mp4,video
12,rabbit2.mp4,video
13,rodent4.jpeg,image
13,rodent2.mp4,video
13,rodent1.mp4,video
14,rodent3.jpeg,image
14,rodent3.jpeg,image
14,rodent5.jpeg,image
14,rodent5.jpeg,image
14,rodent7.jpeg,image
14,rodent1.jpeg,image
14,rodent2.mp4,video
14,rodent2.mp4,video
15,rabbit5.jpeg,image
15,rabbit1.mp4,video
16,cat7.jpeg,image
16,cat1.mp4,video
17,cat1.jpeg,image
17,cat2.jpeg,image
17,cat5.jpeg,image
17,cat5.jpeg,image
17,cat2.jpeg,image
17,cat3.jpeg,image
17,cat2.mp4,video
18,rabbit1.jpeg,image
18,rabbit1.mp4,video
19,dog1.jpeg,image
19,dog3.jpeg,image
19,dog5.jpeg,image
19,dog8.jpeg,image
19,dog5.jpeg,image
19,dog5.jpeg,image
19,dog6.jpeg,image
19,dog3.jpeg,image
19,dog2.mp4,video
19,dog1.mp4,video
20,dog6.jpeg,image
20,dog6.jpeg,image
20,dog8.jpeg,image
20,dog5.jpeg,image
20,dog6.jpeg,image
20,dog6.jpeg,image
20,dog8.jpeg,image
20,dog1.mp4,video
20,dog2.mp4,video
21,cat8.jpeg,image
21,cat3.jpeg,image
21,cat2.mp4,video
22,fish3.jpeg,image
22,fish6.jpeg,image
22,fish2.mp4,video
23,cat1.jpeg,image
23,cat1.jpeg,image
23,cat1.jpeg,image
23,cat5.jpeg,image
23,cat6.jpeg,image
23,cat8.jpeg,image
23,cat2.jpeg,image
23,cat2.mp4,video
24,dog2.jpeg,image
24,dog4.jpeg,image
24,dog5.jpeg,image
24,dog1.mp4,video
24,dog1.mp4,video
25,rabbit5.jpeg,image
25,rabbit8.jpeg,image
25,rabbit1.mp4,video
25,rabbit2.mp4,video
26,cat3.jpeg,image
26,cat6.jpeg,image
26,cat1.mp4,video
27,fish2.jpeg,image
27,fish2.jpeg,image
27,fish7.jpeg,image
27,fish1.jpeg,image
27,fish3.jpeg,image
27,fish6.jpeg,image
27,fish6.jpeg,image
27,fish6.jpeg,image
27,fish1.mp4,video
28,dog5.jpeg,image
28,dog2.jpeg,image
28,dog1.jpeg,image
28,dog2.jpeg,image
28,dog3.jpeg,image
28,dog8.jpeg,image
28,dog2.mp4,video
28,dog2.mp4,video
29,rabbit6.jpeg,image
29,rabbit4.jpeg,image
29,rabbit6.jpeg,image
29,rabbit1.jpeg,image
29,rabbit6.jpeg,image
29,rabbit2.mp4,video
30,rabbit4.jpeg,image
30,rabbit1.jpeg,image
30,rabbit1.mp4,video
30,rabbit1.mp4,video
31,cat8.jpeg,image
31,cat2.mp4,video
31,cat1.mp4,video
32,rodent2.jpeg,image
32,rodent2.mp4,video
32,rodent1.mp4,video
33,rodent4.jpeg,image
33,rodent7.jpeg,image
33,rodent4.jpeg,image
33,rodent8.jpeg,image
33,rodent2.jpeg,image
33,rodent8.jpeg,image
33,rodent4.jpeg,image
33,rodent1.mp4,video
34,rabbit2.jpeg,image
34,rabbit5.jpeg,image
34,rabbit5.jpeg,image
34,rabbit4.jpeg,image
34,rabbit2.mp4,video
35,cat2.jpeg,image
35,cat1.jpeg,image
35,cat3.jpeg,image
35,cat8.jpeg,image
35,cat6.jpeg,image
35,cat6.jpeg,image
35,cat3.jpeg,image
35,cat7.jpeg,image
35,cat1.mp4,video
35,cat2.mp4,video
36,bird8.jpeg,image
36,bird6.jpeg,image
36,bird8.jpeg,image
36,bird5.jpeg,image
36,bird3.jpeg,image
36,bird1.jpeg,image
36,bird6.jpeg,image
36,bird1.mp4,video
37,rodent2.jpeg,image
37,rodent6.jpeg,image
37,rodent7.jpeg,image
37,rodent2.jpeg,image
37,rodent2.jpeg,image
37,rodent8.jpeg,image
37,rodent1.jpeg,image
37,rodent3.jpeg,image
37,rodent2.mp4,video
37,rodent1.mp4,video
38,dog6.jpeg,image
38,dog1.mp4,video
38,dog1.mp4,video
39,rabbit4.jpeg,image
39,rabbit3.jpeg,image
39,rabbit5.jpeg,image
39,rabbit2.jpeg,image
39,rabbit2.jpeg,image
39,rabbit2.mp4,video
39,rabbit2.mp4,video
40,rabbit3.jpeg,image
40,rabbit2.jpeg,image
40,rabbit2.mp4,video
41,bird8.jpeg,image
41,bird8.jpeg,image
41,bird6.jpeg,image
41,bird8.jpeg,image
41,bird2.mp4,video
41,bird2.mp4,video
42,cat5.jpeg,image
42,cat6.jpeg,image
42,cat6.jpeg,image
42,cat1.jpeg,image
42,cat4.jpeg,image
42,cat1.jpeg,image
42,cat8.jpeg,image
42,cat1.mp4,video
42,cat2.mp4,video
43,rodent5.jpeg,image
43,rodent2.mp4,video
43,rodent1.mp4,video
44,dog5.jpeg,image
44,dog6.jpeg,image
44,dog6.jpeg,image
44,dog6.jpeg,image
44,dog7.jpeg,image
44,dog8.jpeg,image
44,dog2.mp4,video
45,dog3.jpeg,image
45,dog4.jpeg,image
45,dog6.jpeg,image
45,dog2.mp4,video
46,dog5.jpeg,image
46,dog7.jpeg,image
46,dog3.jpeg,image
46,dog1.mp4,video
46,dog1.mp4,video
47,dog6.jpeg,image
47,dog2.jpeg,image
47,dog3.jpeg,image
47,dog2.jpeg,image
47,dog1.jpeg,image
47,dog1.mp4,video
47,dog2.mp4,video
48,rabbit6.jpeg,image
48,rabbit1.jpeg,image
48,rabbit5.jpeg,image
48,rabbit1.jpeg,image
48,rabbit1.mp4,video
48,rabbit1.mp4,video
49,dog2.jpeg,image
49,dog2.jpeg,image
49,dog2.jpeg,image
49,dog6.jpeg,image
49,dog6.jpeg,image
49,dog5.jpeg,image
49,dog7.jpeg,image
49,dog3.jpeg,image
49,dog2.mp4,video
50,dog6.jpeg,image
50,dog2.jpeg,image
50,dog3.jpeg,image
50,dog5.jpeg,image
50,dog8.jpeg,image
50,dog7.jpeg,image
50,dog2.jpeg,image
50,dog7.jpeg,image
50,dog1.mp4,video
51,dog6.jpeg,image
51,dog1.jpeg,image
51,dog3.jpeg,image
51,dog4.jpeg,image
51,dog1.mp4,video
52,fish1.jpeg,image
52,fish7.jpeg,image
52,fish5.jpeg,image
52,fish7.jpeg,image
52,fish8.jpeg,image
52,fish1.jpeg,image
52,fish4.jpeg,image
52,fish6.jpeg,image
52,fish2.mp4,video
52,fish2.mp4,video
53,rabbit2.jpeg,image
53,rabbit2.jpeg,image
53,rabbit2.jpeg,image
53,rabbit5.jpeg,image
53,rabbit2.mp4,video
54,cat6.jpeg,image
54,cat3.jpeg,image
54,cat7.jpeg,image
54,cat7.jpeg,image
54,cat6.jpeg,image
54,cat8.jpeg,image
54,cat2.mp4,video
55,dog5.jpeg,image
55,dog7.jpeg,image
55,dog8.jpeg,image
55,dog3.jpeg,image
55,dog1.jpeg,image
55,dog2.jpeg,image
55,dog1.mp4,video
55,dog1.mp4,video
56,rodent6.jpeg,image
56,rodent7.jpeg,image
56,rodent8.jpeg,image
56,rodent5.jpeg,image
56,rodent8.jpeg,image
56,rodent1.mp4,video
57,rodent3.jpeg,image
57,rodent3.jpeg,image
57,rodent2.mp4,video
57,rodent1.mp4,video
58,rodent6.jpeg,image
58,rodent2.mp4,video
58,rodent1.mp4,video
59,rabbit7.jpeg,image
59,rabbit2.jpeg,image
59,rabbit1.jpeg,image
59,rabbit8.jpeg,image
59,rabbit1.mp4,video
60,dog2.jpeg,image
60,dog4.jpeg,image
60,dog2.mp4,video
60,dog2.mp4,video
61,rabbit8.jpeg,image
61,rabbit6.jpeg,image
61,rabbit1.jpeg,image
61,rabbit5.jpeg,image
61,rabbit7.jpeg,image
61,rabbit7.jpeg,image
61,rabbit6.jpeg,image
61,rabbit2.mp4,video
62,dog5.jpeg,image
62,dog2.mp4,video
63,fish8.jpeg,image
63,fish3.jpeg,image
63,fish7.jpeg,image
63,fish1.jpeg,image
63,fish1.mp4,video
63,fish2.mp4,video
64,dog1.jpeg,image
64,dog5.jpeg,image
64,dog2.mp4,video
64,dog2.mp4,video
65,cat4.jpeg,image
65,cat1.mp4,video
65,cat1.mp4,video
66,rodent8.jpeg,image
66,rodent6.jpeg,image
66,rodent7.jpeg,image
66,rodent3.jpeg,image
66,rodent3.jpeg,image
66,rodent4.jpeg,image
66,rodent1.jpeg,image
66,rodent2.jpeg,image
66,rodent2.mp4,video
67,dog8.jpeg,image
67,dog2.jpeg,image
67,dog2.jpeg,image
67,dog1.mp4,video
67,dog1.mp4,video
68,rabbit5.jpeg,image
68,rabbit6.jpeg,image
68,rabbit7.jpeg,image
68,rabbit4.jpeg,image
68,rabbit2.mp4,video
69,rabbit2.jpeg,image
69,rabbit3.jpeg,image
69,rabbit5.jpeg,image
69,rabbit4.jpeg,image
69,rabbit2.jpeg,image
69,rabbit1.mp4,video
70,bird4.jpeg,image
70,bird4.jpeg,image
70,bird6.jpeg,image
70,bird8.jpeg,image
70,bird5.jpeg,image
70,bird3.jpeg,image
70,bird7.jpeg,image
70,bird6.jpeg,image
70,bird2.mp4,video
71,rabbit3.jpeg,image
71,rabbit7.jpeg,image
71,rabbit4.jpeg,image
71,rabbit1.jpeg,image
71,rabbit2.mp4,video
71,rabbit1.mp4,video
72,dog4.jpeg,image
72,dog4.jpeg,image
72,dog8.jpeg,image
72,dog2.mp4,video
72,dog2.mp4,video
73,rabbit6.jpeg,image
73,rabbit6.jpeg,image
73,rabbit6.jpeg,image
73,rabbit7.jpeg,image
73,rabbit5.jpeg,image
73,rabbit8.jpeg,image
73,rabbit2.mp4,video
74,rabbit1.jpeg,image
74,rabbit6.jpeg,image
74,rabbit5.jpeg,image
74,rabbit8.jpeg,image
74,rabbit1.mp4,video
74,rabbit2.mp4,video
75,dog6.jpeg,image
75,dog8.jpeg,image
75,dog8.jpeg,image
75,dog5.jpeg,image
75,dog2.jpeg,image
75,dog2.mp4,video
76,fish8.jpeg,image
76,fish5.jpeg,image
76,fish4.jpeg,image
76,fish2.jpeg,image
76,fish3.jpeg,image
76,fish1.jpeg,image
76,fish7.jpeg,image
76,fish4.jpeg,image
76,fish2.mp4,video
76,fish2.mp4,video
77,rabbit2.jpeg,image
77,rabbit3.jpeg,image
77,rabbit7.jpeg,image
77,rabbit8.jpeg,image
77,rabbit1.mp4,video
77,rabbit1.mp4,video
78,dog2.jpeg,image
78,dog3.jpeg,image
78,dog1.mp4,video
78,dog2.mp4,video
79,dog7.jpeg,image
79,dog2.jpeg,image
79,dog1.jpeg,image
79,dog1.mp4,video
79,dog2.mp4,video
80,cat3.jpeg,image
80,cat3.jpeg,image
80,cat8.jpeg,image
80,cat2.jpeg,image
80,cat6.jpeg,image
80,cat6.jpeg,image
80,cat6.jpeg,image
80,cat6.jpeg,image
80,cat2.mp4,video
81,rabbit7.jpeg,image
81,rabbit8.jpeg,image
81,rabbit6.jpeg,image
81,rabbit3.jpeg,image
81,rabbit2.jpeg,image
81,rabbit1.mp4,video
81,rabbit2.mp4,video
82,cat1.jpeg,image
82,cat7.jpeg,image
82,cat1.mp4,video
82,cat2.mp4,video
83,cat4.jpeg,image
83,cat7.jpeg,image
83,cat3.jpeg,image
83,cat8.jpeg,image
83,cat3.jpeg,image
83,cat1.mp4,video
84,fish8.jpeg,image
84,fish2.mp4,video
85,rodent6.jpeg,image
85,rodent4.jpeg,image
85,rodent1.jpeg,image
85,rodent2.jpeg,image
85,rodent3.jpeg,image
85,rodent5.jpeg,image
85,rodent5.jpeg,image
85,rodent1.mp4,video
86,rabbit8.jpeg,image
86,rabbit2.mp4,video
86,rabbit1.mp4,video
87,rodent1.jpeg,image
87,rodent7.jpeg,image
87,rodent7.jpeg,image
87,rodent6.jpeg,image
87,rodent6.jpeg,image
87,rodent4.jpeg,image
87,rodent4.jpeg,image
87,rodent1.mp4,video
87,rodent1.mp4,video
88,fish6.jpeg,image
88,fish2.mp4,video
89,bird3.jpeg,image
89,bird1.jpeg,image
89,bird8.jpeg,image
89,bird5.jpeg,image
89,bird2.mp4,video
89,bird1.mp4,video
90,bird8.jpeg,image
90,bird2.jpeg,image
90,bird4.jpeg,image
90,bird2.mp4,video
91,cat5.jpeg,image
91,cat5.jpeg,image
91,cat4.jpeg,image
91,cat7.jpeg,image
91,cat2.jpeg,image
91,cat2.jpeg,image
91,cat7.jpeg,image
91,cat2.mp4,video
91,cat2.mp4,video
92,rodent6.jpeg,image
92,rodent4.jpeg,image
92,rodent5.jpeg,image
92,rodent8.jpeg,image
92,rodent6.jpeg,image
92,rodent2.jpeg,image
92,rodent8.jpeg,image
92,rodent1.mp4,video
92,rodent2.mp4,video
93,rodent2.jpeg,image
93,rodent8.jpeg,image
93,rodent5.jpeg,image
93,rodent3.jpeg,image
93,rodent4.jpeg,image
93,rodent2.mp4,video
93,rodent1.mp4,video
94,cat7.jpeg,image
94,cat6.jpeg,image
94,cat2.jpeg,image
94,cat1.mp4,video
94,cat2.mp4,video
95,bird7.jpeg,image
95,bird7.jpeg,image
95,bird5.jpeg,image
95,bird4.jpeg,image
95,bird5.jpeg,image
95,bird1.jpeg,image
95,bird1.mp4,video
95,bird2.mp4,video
96,dog5.jpeg,image
96,dog2.jpeg,image
96,dog1.jpeg,image
96,dog4.jpeg,image
96,dog5.jpeg,image
96,dog1.mp4,video
96,dog2.mp4,video
97,bird5.jpeg,image
97,bird7.jpeg,image
97,bird7.jpeg,image
97,bird8.jpeg,image
97,bird1.jpeg,image
97,bird1.jpeg,image
97,bird7.jpeg,image
97,bird2.mp4,video
97,bird1.mp4,video
98,rabbit6.jpeg,image
98,rabbit2.jpeg,image
98,rabbit1.jpeg,image
98,rabbit3.jpeg,image
98,rabbit8.jpeg,image
98,rabbit2.mp4,video
98,rabbit2.mp4,video
99,dog3.jpeg,image
99,dog4.jpeg,image
99,dog5.jpeg,image
99,dog2.jpeg,image
99,dog1.jpeg,image
99,dog1.mp4,video
99,dog1.mp4,video
100,bird3.jpeg,image
100,bird1.jpeg,image
100,bird8.jpeg,image
100,bird1.mp4,video
