1,bobum,rabbit,silver fox,young,small,friendly,male,kids,best friends,This fantastic buddy is always ready to play. He loves to spend time with his owners and loves eating raisins. He is very healthy and is fully vaccinated. Take him outside for a walk anytime! He loves the outdoors. He also loves treats and hugs. 
2,aurora,cat,siamese,senior,medium,friendly,female,animals,animal welfare league,This fantastic buddy is always ready to play. He loves to spend time with his owners and loves eating raisins. He is very healthy and is fully vaccinated. Take him outside for a walk anytime! He loves the outdoors. He also loves treats and hugs. 
3,princess,dog,terrier,young,small,introverted,female,kids,best friends,This fantastic buddy is always ready to play. He loves to spend time with his owners and loves eating raisins. He is very healthy and is fully vaccinated. Take him outside for a walk anytime! He loves the outdoors. He also loves treats and hugs. 
4,lucky,rodent,mouse ,senior,large,introverted,female,animals,humane society,This fantastic buddy is always ready to play. He loves to spend time with his owners and loves eating raisins. He is very healthy and is fully vaccinated. Take him outside for a walk anytime! He loves the outdoors. He also loves treats and hugs. 
5,nick,rodent,mouse ,senior,small,introverted,male,animals,animal welfare league,This fantastic buddy is always ready to play. He loves to spend time with his owners and loves eating raisins. He is very healthy and is fully vaccinated. Take him outside for a walk anytime! He loves the outdoors. He also loves treats and hugs. 
6,squishy,rodent,rat,senior,large,active,male,kids,animal welfare league,This fantastic buddy is always ready to play. He loves to spend time with his owners and loves eating raisins. He is very healthy and is fully vaccinated. Take him outside for a walk anytime! He loves the outdoors. He also loves treats and hugs. 
7,ethan,dog,herding,senior,medium,friendly,female,animals,humane society,This fantastic buddy is always ready to play. He loves to spend time with his owners and loves eating raisins. He is very healthy and is fully vaccinated. Take him outside for a walk anytime! He loves the outdoors. He also loves treats and hugs. 
8,meimei,fish,saltwater,senior,medium,introverted,male,animals,animal welfare league,This fantastic buddy is always ready to play. He loves to spend time with his owners and loves eating raisins. He is very healthy and is fully vaccinated. Take him outside for a walk anytime! He loves the outdoors. He also loves treats and hugs. 
9,holly,rodent,guinea pig,young,small,vigilant,female,kids,best friends,This fantastic buddy is always ready to play. He loves to spend time with his owners and loves eating raisins. He is very healthy and is fully vaccinated. Take him outside for a walk anytime! He loves the outdoors. He also loves treats and hugs. 
10,dixie,cat,siamese,senior,medium,active,female,kids,animal welfare league,This fantastic buddy is always ready to play. He loves to spend time with his owners and loves eating raisins. He is very healthy and is fully vaccinated. Take him outside for a walk anytime! He loves the outdoors. He also loves treats and hugs. 
11,bailey,bird,lovebird,young,small,happy,male,kids,best friends,This fantastic buddy is always ready to play. He loves to spend time with his owners and loves eating raisins. He is very healthy and is fully vaccinated. Take him outside for a walk anytime! He loves the outdoors. He also loves treats and hugs. 
12,boomer,rabbit,rex,young,medium,happy,male,animals,humane society,This fantastic buddy is always ready to play. He loves to spend time with his owners and loves eating raisins. He is very healthy and is fully vaccinated. Take him outside for a walk anytime! He loves the outdoors. He also loves treats and hugs. 
13,aiden,rodent,mouse ,adult,small,happy,female,animals,animal welfare league,This fantastic buddy is always ready to play. He loves to spend time with his owners and loves eating raisins. He is very healthy and is fully vaccinated. Take him outside for a walk anytime! He loves the outdoors. He also loves treats and hugs. 
14,lexi,rodent,guinea pig,young,large,happy,female,animals,best friends,This fantastic buddy is always ready to play. He loves to spend time with his owners and loves eating raisins. He is very healthy and is fully vaccinated. Take him outside for a walk anytime! He loves the outdoors. He also loves treats and hugs. 
15,boomer,rabbit,silver fox,adult,large,active,female,animals,best friends,This fantastic buddy is always ready to play. He loves to spend time with his owners and loves eating raisins. He is very healthy and is fully vaccinated. Take him outside for a walk anytime! He loves the outdoors. He also loves treats and hugs. 
16,emma,cat,ragdoll,senior,medium,friendly,male,animals,animal welfare league,This fantastic buddy is always ready to play. He loves to spend time with his owners and loves eating raisins. He is very healthy and is fully vaccinated. Take him outside for a walk anytime! He loves the outdoors. He also loves treats and hugs. 
17,charlie,cat,maine coon,adult,medium,friendly,male,kids,best friends,This fantastic buddy is always ready to play. He loves to spend time with his owners and loves eating raisins. He is very healthy and is fully vaccinated. Take him outside for a walk anytime! He loves the outdoors. He also loves treats and hugs. 
18,bailey,rabbit,californian,young,small,happy,male,animals,humane society,This fantastic buddy is always ready to play. He loves to spend time with his owners and loves eating raisins. He is very healthy and is fully vaccinated. Take him outside for a walk anytime! He loves the outdoors. He also loves treats and hugs. 
19,poppy,dog,sporting,senior,small,introverted,male,animals,humane society,This fantastic buddy is always ready to play. He loves to spend time with his owners and loves eating raisins. He is very healthy and is fully vaccinated. Take him outside for a walk anytime! He loves the outdoors. He also loves treats and hugs. 
20,aiden,dog,working,young,small,introverted,female,kids,best friends,This fantastic buddy is always ready to play. He loves to spend time with his owners and loves eating raisins. He is very healthy and is fully vaccinated. Take him outside for a walk anytime! He loves the outdoors. He also loves treats and hugs. 
21,padme,cat,ragdoll,senior,small,vigilant,female,kids,animal welfare league,This fantastic buddy is always ready to play. He loves to spend time with his owners and loves eating raisins. He is very healthy and is fully vaccinated. Take him outside for a walk anytime! He loves the outdoors. He also loves treats and hugs. 
22,coco,fish,freshwater,young,small,vigilant,female,kids,animal welfare league,This fantastic buddy is always ready to play. He loves to spend time with his owners and loves eating raisins. He is very healthy and is fully vaccinated. Take him outside for a walk anytime! He loves the outdoors. He also loves treats and hugs. 
23,anakin,cat,siamese,young,small,introverted,female,kids,best friends,This fantastic buddy is always ready to play. He loves to spend time with his owners and loves eating raisins. He is very healthy and is fully vaccinated. Take him outside for a walk anytime! He loves the outdoors. He also loves treats and hugs. 
24,sadie,dog,hound,adult,medium,active,male,kids,humane society,This fantastic buddy is always ready to play. He loves to spend time with his owners and loves eating raisins. He is very healthy and is fully vaccinated. Take him outside for a walk anytime! He loves the outdoors. He also loves treats and hugs. 
25,cody,rabbit,californian,adult,small,introverted,male,animals,animal welfare league,This fantastic buddy is always ready to play. He loves to spend time with his owners and loves eating raisins. He is very healthy and is fully vaccinated. Take him outside for a walk anytime! He loves the outdoors. He also loves treats and hugs. 
26,shadow,cat,siamese,senior,small,active,male,kids,best friends,This fantastic buddy is always ready to play. He loves to spend time with his owners and loves eating raisins. He is very healthy and is fully vaccinated. Take him outside for a walk anytime! He loves the outdoors. He also loves treats and hugs. 
27,lola,fish,saltwater,senior,large,introverted,male,animals,best friends,This fantastic buddy is always ready to play. He loves to spend time with his owners and loves eating raisins. He is very healthy and is fully vaccinated. Take him outside for a walk anytime! He loves the outdoors. He also loves treats and hugs. 
28,pepper,dog,herding,adult,large,active,female,animals,best friends,This fantastic buddy is always ready to play. He loves to spend time with his owners and loves eating raisins. He is very healthy and is fully vaccinated. Take him outside for a walk anytime! He loves the outdoors. He also loves treats and hugs. 
29,bruno,rabbit,rex,young,large,friendly,female,kids,best friends,This fantastic buddy is always ready to play. He loves to spend time with his owners and loves eating raisins. He is very healthy and is fully vaccinated. Take him outside for a walk anytime! He loves the outdoors. He also loves treats and hugs. 
30,beau,rabbit,silver fox,young,large,friendly,male,kids,humane society,This fantastic buddy is always ready to play. He loves to spend time with his owners and loves eating raisins. He is very healthy and is fully vaccinated. Take him outside for a walk anytime! He loves the outdoors. He also loves treats and hugs. 
31,ivy,cat,persian,young,large,active,female,animals,best friends,This fantastic buddy is always ready to play. He loves to spend time with his owners and loves eating raisins. He is very healthy and is fully vaccinated. Take him outside for a walk anytime! He loves the outdoors. He also loves treats and hugs. 
32,yoda,rodent,guinea pig,young,small,vigilant,female,animals,animal welfare league,This fantastic buddy is always ready to play. He loves to spend time with his owners and loves eating raisins. He is very healthy and is fully vaccinated. Take him outside for a walk anytime! He loves the outdoors. He also loves treats and hugs. 
33,xavier,rodent,hamster,adult,medium,friendly,female,kids,humane society,This fantastic buddy is always ready to play. He loves to spend time with his owners and loves eating raisins. He is very healthy and is fully vaccinated. Take him outside for a walk anytime! He loves the outdoors. He also loves treats and hugs. 
34,snoopy,rabbit,californian,young,large,happy,female,kids,animal welfare league,This fantastic buddy is always ready to play. He loves to spend time with his owners and loves eating raisins. He is very healthy and is fully vaccinated. Take him outside for a walk anytime! He loves the outdoors. He also loves treats and hugs. 
35,lady,cat,maine coon,senior,large,vigilant,female,animals,animal welfare league,This fantastic buddy is always ready to play. He loves to spend time with his owners and loves eating raisins. He is very healthy and is fully vaccinated. Take him outside for a walk anytime! He loves the outdoors. He also loves treats and hugs. 
36,landon,bird,parrot,adult,large,happy,male,animals,animal welfare league,This fantastic buddy is always ready to play. He loves to spend time with his owners and loves eating raisins. He is very healthy and is fully vaccinated. Take him outside for a walk anytime! He loves the outdoors. He also loves treats and hugs. 
37,iris,rodent,guinea pig,senior,medium,introverted,male,kids,best friends,This fantastic buddy is always ready to play. He loves to spend time with his owners and loves eating raisins. He is very healthy and is fully vaccinated. Take him outside for a walk anytime! He loves the outdoors. He also loves treats and hugs. 
38,brandy,dog,hound,adult,medium,happy,female,kids,animal welfare league,This fantastic buddy is always ready to play. He loves to spend time with his owners and loves eating raisins. He is very healthy and is fully vaccinated. Take him outside for a walk anytime! He loves the outdoors. He also loves treats and hugs. 
39,grace,rabbit,rex,adult,medium,introverted,male,animals,humane society,This fantastic buddy is always ready to play. He loves to spend time with his owners and loves eating raisins. He is very healthy and is fully vaccinated. Take him outside for a walk anytime! He loves the outdoors. He also loves treats and hugs. 
40,puff,rabbit,silver fox,adult,small,friendly,male,kids,animal welfare league,This fantastic buddy is always ready to play. He loves to spend time with his owners and loves eating raisins. He is very healthy and is fully vaccinated. Take him outside for a walk anytime! He loves the outdoors. He also loves treats and hugs. 
41,lexi,bird,parrot,senior,small,friendly,female,animals,humane society,This fantastic buddy is always ready to play. He loves to spend time with his owners and loves eating raisins. He is very healthy and is fully vaccinated. Take him outside for a walk anytime! He loves the outdoors. He also loves treats and hugs. 
42,samson,cat,persian,adult,large,friendly,female,kids,animal welfare league,This fantastic buddy is always ready to play. He loves to spend time with his owners and loves eating raisins. He is very healthy and is fully vaccinated. Take him outside for a walk anytime! He loves the outdoors. He also loves treats and hugs. 
43,casey,rodent,guinea pig,adult,large,active,male,kids,best friends,This fantastic buddy is always ready to play. He loves to spend time with his owners and loves eating raisins. He is very healthy and is fully vaccinated. Take him outside for a walk anytime! He loves the outdoors. He also loves treats and hugs. 
44,boomer,dog,working,adult,small,introverted,female,animals,animal welfare league,This fantastic buddy is always ready to play. He loves to spend time with his owners and loves eating raisins. He is very healthy and is fully vaccinated. Take him outside for a walk anytime! He loves the outdoors. He also loves treats and hugs. 
45,rey,dog,working,adult,large,vigilant,female,animals,humane society,This fantastic buddy is always ready to play. He loves to spend time with his owners and loves eating raisins. He is very healthy and is fully vaccinated. Take him outside for a walk anytime! He loves the outdoors. He also loves treats and hugs. 
46,angel,dog,terrier,adult,small,introverted,female,kids,humane society,This fantastic buddy is always ready to play. He loves to spend time with his owners and loves eating raisins. He is very healthy and is fully vaccinated. Take him outside for a walk anytime! He loves the outdoors. He also loves treats and hugs. 
47,xavier,dog,toy,senior,medium,happy,male,kids,humane society,This fantastic buddy is always ready to play. He loves to spend time with his owners and loves eating raisins. He is very healthy and is fully vaccinated. Take him outside for a walk anytime! He loves the outdoors. He also loves treats and hugs. 
48,jam,rabbit,californian,young,medium,introverted,male,animals,humane society,This fantastic buddy is always ready to play. He loves to spend time with his owners and loves eating raisins. He is very healthy and is fully vaccinated. Take him outside for a walk anytime! He loves the outdoors. He also loves treats and hugs. 
49,rey,dog,sporting,senior,large,vigilant,male,animals,humane society,This fantastic buddy is always ready to play. He loves to spend time with his owners and loves eating raisins. He is very healthy and is fully vaccinated. Take him outside for a walk anytime! He loves the outdoors. He also loves treats and hugs. 
50,jackson,dog,sporting,adult,small,vigilant,male,animals,humane society,This fantastic buddy is always ready to play. He loves to spend time with his owners and loves eating raisins. He is very healthy and is fully vaccinated. Take him outside for a walk anytime! He loves the outdoors. He also loves treats and hugs. 
51,aria,dog,terrier,adult,medium,introverted,male,animals,humane society,This fantastic buddy is always ready to play. He loves to spend time with his owners and loves eating raisins. He is very healthy and is fully vaccinated. Take him outside for a walk anytime! He loves the outdoors. He also loves treats and hugs. 
52,rusty,fish,saltwater,senior,large,vigilant,female,animals,best friends,This fantastic buddy is always ready to play. He loves to spend time with his owners and loves eating raisins. He is very healthy and is fully vaccinated. Take him outside for a walk anytime! He loves the outdoors. He also loves treats and hugs. 
53,honey,rabbit,lionhead,young,small,happy,male,animals,best friends,This fantastic buddy is always ready to play. He loves to spend time with his owners and loves eating raisins. He is very healthy and is fully vaccinated. Take him outside for a walk anytime! He loves the outdoors. He also loves treats and hugs. 
54,heidi,cat,maine coon,adult,small,introverted,female,animals,humane society,This fantastic buddy is always ready to play. He loves to spend time with his owners and loves eating raisins. He is very healthy and is fully vaccinated. Take him outside for a walk anytime! He loves the outdoors. He also loves treats and hugs. 
55,bennie,dog,non-sporting,adult,large,active,female,kids,humane society,This fantastic buddy is always ready to play. He loves to spend time with his owners and loves eating raisins. He is very healthy and is fully vaccinated. Take him outside for a walk anytime! He loves the outdoors. He also loves treats and hugs. 
56,rocky,rodent,rat,young,medium,friendly,female,kids,best friends,This fantastic buddy is always ready to play. He loves to spend time with his owners and loves eating raisins. He is very healthy and is fully vaccinated. Take him outside for a walk anytime! He loves the outdoors. He also loves treats and hugs. 
57,max,rodent,mouse ,senior,large,introverted,male,animals,animal welfare league,This fantastic buddy is always ready to play. He loves to spend time with his owners and loves eating raisins. He is very healthy and is fully vaccinated. Take him outside for a walk anytime! He loves the outdoors. He also loves treats and hugs. 
58,grayson,rodent,hamster,adult,medium,active,female,kids,animal welfare league,This fantastic buddy is always ready to play. He loves to spend time with his owners and loves eating raisins. He is very healthy and is fully vaccinated. Take him outside for a walk anytime! He loves the outdoors. He also loves treats and hugs. 
59,maximus,rabbit,lionhead,senior,medium,introverted,male,kids,best friends,This fantastic buddy is always ready to play. He loves to spend time with his owners and loves eating raisins. He is very healthy and is fully vaccinated. Take him outside for a walk anytime! He loves the outdoors. He also loves treats and hugs. 
60,queen,dog,hound,senior,medium,friendly,male,animals,animal welfare league,This fantastic buddy is always ready to play. He loves to spend time with his owners and loves eating raisins. He is very healthy and is fully vaccinated. Take him outside for a walk anytime! He loves the outdoors. He also loves treats and hugs. 
61,leo,rabbit,lionhead,adult,small,happy,male,kids,best friends,This fantastic buddy is always ready to play. He loves to spend time with his owners and loves eating raisins. He is very healthy and is fully vaccinated. Take him outside for a walk anytime! He loves the outdoors. He also loves treats and hugs. 
62,oscar,dog,sporting,adult,large,vigilant,female,animals,humane society,This fantastic buddy is always ready to play. He loves to spend time with his owners and loves eating raisins. He is very healthy and is fully vaccinated. Take him outside for a walk anytime! He loves the outdoors. He also loves treats and hugs. 
63,buster,fish,saltwater,senior,large,happy,female,animals,animal welfare league,This fantastic buddy is always ready to play. He loves to spend time with his owners and loves eating raisins. He is very healthy and is fully vaccinated. Take him outside for a walk anytime! He loves the outdoors. He also loves treats and hugs. 
64,milo,dog,non-sporting,young,large,friendly,male,animals,best friends,This fantastic buddy is always ready to play. He loves to spend time with his owners and loves eating raisins. He is very healthy and is fully vaccinated. Take him outside for a walk anytime! He loves the outdoors. He also loves treats and hugs. 
65,scarlett,cat,ragdoll,adult,medium,introverted,female,animals,humane society,This fantastic buddy is always ready to play. He loves to spend time with his owners and loves eating raisins. He is very healthy and is fully vaccinated. Take him outside for a walk anytime! He loves the outdoors. He also loves treats and hugs. 
66,luna,rodent,hamster,adult,large,vigilant,female,animals,best friends,This fantastic buddy is always ready to play. He loves to spend time with his owners and loves eating raisins. He is very healthy and is fully vaccinated. Take him outside for a walk anytime! He loves the outdoors. He also loves treats and hugs. 
67,han,dog,working,adult,medium,active,male,kids,animal welfare league,This fantastic buddy is always ready to play. He loves to spend time with his owners and loves eating raisins. He is very healthy and is fully vaccinated. Take him outside for a walk anytime! He loves the outdoors. He also loves treats and hugs. 
68,lulu,rabbit,rex,senior,medium,friendly,male,animals,best friends,This fantastic buddy is always ready to play. He loves to spend time with his owners and loves eating raisins. He is very healthy and is fully vaccinated. Take him outside for a walk anytime! He loves the outdoors. He also loves treats and hugs. 
69,yoda,rabbit,angora,adult,small,friendly,male,kids,best friends,This fantastic buddy is always ready to play. He loves to spend time with his owners and loves eating raisins. He is very healthy and is fully vaccinated. Take him outside for a walk anytime! He loves the outdoors. He also loves treats and hugs. 
70,squishy,bird,parakeet,young,large,happy,female,kids,best friends,This fantastic buddy is always ready to play. He loves to spend time with his owners and loves eating raisins. He is very healthy and is fully vaccinated. Take him outside for a walk anytime! He loves the outdoors. He also loves treats and hugs. 
71,missy,rabbit,rex,young,large,introverted,female,animals,best friends,This fantastic buddy is always ready to play. He loves to spend time with his owners and loves eating raisins. He is very healthy and is fully vaccinated. Take him outside for a walk anytime! He loves the outdoors. He also loves treats and hugs. 
72,roxie,dog,working,senior,small,vigilant,female,kids,animal welfare league,This fantastic buddy is always ready to play. He loves to spend time with his owners and loves eating raisins. He is very healthy and is fully vaccinated. Take him outside for a walk anytime! He loves the outdoors. He also loves treats and hugs. 
73,caleb,rabbit,lionhead,senior,medium,friendly,male,kids,humane society,This fantastic buddy is always ready to play. He loves to spend time with his owners and loves eating raisins. He is very healthy and is fully vaccinated. Take him outside for a walk anytime! He loves the outdoors. He also loves treats and hugs. 
74,maeve,rabbit,lionhead,adult,large,friendly,female,animals,humane society,This fantastic buddy is always ready to play. He loves to spend time with his owners and loves eating raisins. He is very healthy and is fully vaccinated. Take him outside for a walk anytime! He loves the outdoors. He also loves treats and hugs. 
75,dakota,dog,sporting,senior,small,friendly,female,kids,best friends,This fantastic buddy is always ready to play. He loves to spend time with his owners and loves eating raisins. He is very healthy and is fully vaccinated. Take him outside for a walk anytime! He loves the outdoors. He also loves treats and hugs. 
76,zoe,fish,freshwater,young,large,vigilant,female,animals,humane society,This fantastic buddy is always ready to play. He loves to spend time with his owners and loves eating raisins. He is very healthy and is fully vaccinated. Take him outside for a walk anytime! He loves the outdoors. He also loves treats and hugs. 
77,honey,rabbit,californian,adult,medium,vigilant,male,kids,humane society,This fantastic buddy is always ready to play. He loves to spend time with his owners and loves eating raisins. He is very healthy and is fully vaccinated. Take him outside for a walk anytime! He loves the outdoors. He also loves treats and hugs. 
78,jackson,dog,terrier,adult,medium,active,female,animals,humane society,This fantastic buddy is always ready to play. He loves to spend time with his owners and loves eating raisins. He is very healthy and is fully vaccinated. Take him outside for a walk anytime! He loves the outdoors. He also loves treats and hugs. 
79,elijah,dog,terrier,senior,large,vigilant,female,animals,animal welfare league,This fantastic buddy is always ready to play. He loves to spend time with his owners and loves eating raisins. He is very healthy and is fully vaccinated. Take him outside for a walk anytime! He loves the outdoors. He also loves treats and hugs. 
80,olivia,cat,maine coon,adult,medium,vigilant,female,animals,animal welfare league,This fantastic buddy is always ready to play. He loves to spend time with his owners and loves eating raisins. He is very healthy and is fully vaccinated. Take him outside for a walk anytime! He loves the outdoors. He also loves treats and hugs. 
81,bennie,rabbit,silver fox,senior,large,happy,male,kids,animal welfare league,This fantastic buddy is always ready to play. He loves to spend time with his owners and loves eating raisins. He is very healthy and is fully vaccinated. Take him outside for a walk anytime! He loves the outdoors. He also loves treats and hugs. 
82,grayson,cat,ragdoll,young,large,happy,male,kids,humane society,This fantastic buddy is always ready to play. He loves to spend time with his owners and loves eating raisins. He is very healthy and is fully vaccinated. Take him outside for a walk anytime! He loves the outdoors. He also loves treats and hugs. 
83,aria,cat,persian,senior,medium,happy,male,kids,animal welfare league,This fantastic buddy is always ready to play. He loves to spend time with his owners and loves eating raisins. He is very healthy and is fully vaccinated. Take him outside for a walk anytime! He loves the outdoors. He also loves treats and hugs. 
84,belle,fish,freshwater,adult,medium,happy,female,kids,humane society,This fantastic buddy is always ready to play. He loves to spend time with his owners and loves eating raisins. He is very healthy and is fully vaccinated. Take him outside for a walk anytime! He loves the outdoors. He also loves treats and hugs. 
85,minty,rodent,rat,senior,large,introverted,female,kids,humane society,This fantastic buddy is always ready to play. He loves to spend time with his owners and loves eating raisins. He is very healthy and is fully vaccinated. Take him outside for a walk anytime! He loves the outdoors. He also loves treats and hugs. 
86,zoe,rabbit,rex,young,small,friendly,female,kids,best friends,This fantastic buddy is always ready to play. He loves to spend time with his owners and loves eating raisins. He is very healthy and is fully vaccinated. Take him outside for a walk anytime! He loves the outdoors. He also loves treats and hugs. 
87,oscar,rodent,gerbil ,senior,medium,vigilant,female,animals,humane society,This fantastic buddy is always ready to play. He loves to spend time with his owners and loves eating raisins. He is very healthy and is fully vaccinated. Take him outside for a walk anytime! He loves the outdoors. He also loves treats and hugs. 
88,holly,fish,freshwater,adult,large,vigilant,female,kids,best friends,This fantastic buddy is always ready to play. He loves to spend time with his owners and loves eating raisins. He is very healthy and is fully vaccinated. Take him outside for a walk anytime! He loves the outdoors. He also loves treats and hugs. 
89,elijah,bird,parrot,adult,small,friendly,male,kids,best friends,This fantastic buddy is always ready to play. He loves to spend time with his owners and loves eating raisins. He is very healthy and is fully vaccinated. Take him outside for a walk anytime! He loves the outdoors. He also loves treats and hugs. 
90,sebastian,bird,lovebird,young,small,happy,male,animals,best friends,This fantastic buddy is always ready to play. He loves to spend time with his owners and loves eating raisins. He is very healthy and is fully vaccinated. Take him outside for a walk anytime! He loves the outdoors. He also loves treats and hugs. 
91,emma,cat,ragdoll,senior,large,happy,female,kids,animal welfare league,This fantastic buddy is always ready to play. He loves to spend time with his owners and loves eating raisins. He is very healthy and is fully vaccinated. Take him outside for a walk anytime! He loves the outdoors. He also loves treats and hugs. 
92,nora,rodent,guinea pig,senior,small,happy,male,kids,humane society,This fantastic buddy is always ready to play. He loves to spend time with his owners and loves eating raisins. He is very healthy and is fully vaccinated. Take him outside for a walk anytime! He loves the outdoors. He also loves treats and hugs. 
93,mila,rodent,gerbil ,young,large,vigilant,male,kids,animal welfare league,This fantastic buddy is always ready to play. He loves to spend time with his owners and loves eating raisins. He is very healthy and is fully vaccinated. Take him outside for a walk anytime! He loves the outdoors. He also loves treats and hugs. 
94,bella,cat,siamese,senior,medium,introverted,male,kids,best friends,This fantastic buddy is always ready to play. He loves to spend time with his owners and loves eating raisins. He is very healthy and is fully vaccinated. Take him outside for a walk anytime! He loves the outdoors. He also loves treats and hugs. 
95,brandy,bird,lovebird,young,small,introverted,male,kids,humane society,This fantastic buddy is always ready to play. He loves to spend time with his owners and loves eating raisins. He is very healthy and is fully vaccinated. Take him outside for a walk anytime! He loves the outdoors. He also loves treats and hugs. 
96,jasper,dog,terrier,young,medium,friendly,male,kids,humane society,This fantastic buddy is always ready to play. He loves to spend time with his owners and loves eating raisins. He is very healthy and is fully vaccinated. Take him outside for a walk anytime! He loves the outdoors. He also loves treats and hugs. 
97,daisy,bird,lovebird,senior,large,vigilant,female,kids,best friends,This fantastic buddy is always ready to play. He loves to spend time with his owners and loves eating raisins. He is very healthy and is fully vaccinated. Take him outside for a walk anytime! He loves the outdoors. He also loves treats and hugs. 
98,harrison,rabbit,lionhead,senior,large,vigilant,male,kids,best friends,This fantastic buddy is always ready to play. He loves to spend time with his owners and loves eating raisins. He is very healthy and is fully vaccinated. Take him outside for a walk anytime! He loves the outdoors. He also loves treats and hugs. 
99,jake,dog,herding,adult,small,introverted,female,animals,humane society,This fantastic buddy is always ready to play. He loves to spend time with his owners and loves eating raisins. He is very healthy and is fully vaccinated. Take him outside for a walk anytime! He loves the outdoors. He also loves treats and hugs. 
100,landon,bird,lovebird,senior,medium,active,female,animals,best friends,This fantastic buddy is always ready to play. He loves to spend time with his owners and loves eating raisins. He is very healthy and is fully vaccinated. Take him outside for a walk anytime! He loves the outdoors. He also loves treats and hugs. 
